<?xml version="1.0" encoding="UTF-8"?>
<project-private xmlns="http://www.netbeans.org/ns/project-private/1">
    <editor-bookmarks xmlns="http://www.netbeans.org/ns/editor-bookmarks/2" lastBookmarkId="0"/>
    <open-files xmlns="http://www.netbeans.org/ns/projectui-open-files/2">
        <group>
            <file>file:/D:/yazilim_calismalari/java_calismalari/swingDemos/BankApplication/src/IWorkersDAL.java</file>
            <file>file:/D:/yazilim_calismalari/java_calismalari/swingDemos/BankApplication/src/CreditDAL.java</file>
            <file>file:/D:/yazilim_calismalari/java_calismalari/swingDemos/BankApplication/src/frmOfficerCustomerManagement.java</file>
            <file>file:/D:/yazilim_calismalari/java_calismalari/swingDemos/BankApplication/src/MoneyOperationsDAL.java</file>
            <file>file:/D:/yazilim_calismalari/java_calismalari/swingDemos/BankApplication/src/frmCustomerCreditUnconfirmedRequests.java</file>
        </group>
    </open-files>
</project-private>
